id,first_name,last_name,email
1,Michael,Perez,mperez0@chronoengine.com
2,Shawn,Mccoy,smccoy1@reddit.com
3,Kathleen,Payne,kpayne2@cargocollective.com
4,Jimmy,Cooper,jcooper3@cargocollective.com
5,Katherine,Rice,krice4@typepad.com
6,Sarah,Ryan,sryan5@gnu.org
7,Martin,Mcdonald,mmcdonald6@opera.com
8,Frank,Robinson,frobinson7@wunderground.com
9,Jennifer,Franklin,jfranklin8@mail.ru
10,Henry,Welch,hwelch9@list-manage.com
11,Fred,Snyder,fsnydera@reddit.com
12,Amy,Dunn,adunnb@nba.com
13,Kathleen,Meyer,kmeyerc@cdc.gov
14,Steve,Ferguson,sfergusond@reverbnation.com
15,Teresa,Hill,thille@dion.ne.jp
16,Amanda,Harper,aharperf@mail.ru
17,Kimberly,Ray,krayg@xing.com
18,Johnny,Knight,jknighth@jalbum.net
19,Virginia,Freeman,vfreemani@tiny.cc
20,Anna,Austin,aaustinj@diigo.com
21,Willie,Hill,whillk@mail.ru
22,Sean,Harris,sharrisl@zdnet.com
23,Mildred,Adams,madamsm@usatoday.com
24,David,Graham,dgrahamn@zimbio.com
25,Victor,Hunter,vhuntero@ehow.com
26,Aaron,Ruiz,aruizp@weebly.com
27,Benjamin,Brooks,bbrooksq@jalbum.net
28,Lisa,Wilson,lwilsonr@japanpost.jp
29,Benjamin,King,bkings@comsenz.com
30,Christina,Williamson,cwilliamsont@boston.com
31,Jane,Gonzalez,jgonzalezu@networksolutions.com
32,Thomas,Owens,towensv@psu.edu
33,Katherine,Moore,kmoorew@naver.com
34,Jennifer,Stewart,jstewartx@yahoo.com
35,Sara,Tucker,stuckery@topsy.com
36,Harold,Ortiz,hortizz@vkontakte.ru
37,Shirley,James,sjames10@yelp.com
38,Dennis,Johnson,djohnson11@slate.com
39,Louise,Weaver,lweaver12@china.com.cn
40,Maria,Armstrong,marmstrong13@prweb.com
41,Gloria,Cruz,gcruz14@odnoklassniki.ru
42,Diana,Spencer,dspencer15@ifeng.com
43,Kelly,Nguyen,knguyen16@altervista.org
44,Jane,Rodriguez,jrodriguez17@biblegateway.com
45,Scott,Brown,sbrown18@geocities.jp
46,Norma,Cruz,ncruz19@si.edu
47,Marie,Peters,mpeters1a@mlb.com
48,Lillian,Carr,lcarr1b@typepad.com
49,Judy,Nichols,jnichols1c@t-online.de
50,Billy,Long,blong1d@yahoo.com
51,Howard,Reid,hreid1e@exblog.jp
52,Laura,Ferguson,lferguson1f@tuttocitta.it
53,Anne,Bailey,abailey1g@geocities.com
54,Rose,Morgan,rmorgan1h@ehow.com
55,Nicholas,Reyes,nreyes1i@google.ru
56,Joshua,Kennedy,jkennedy1j@house.gov
57,Paul,Watkins,pwatkins1k@upenn.edu
58,Kathryn,Kelly,kkelly1l@businessweek.com
59,Adam,Armstrong,aarmstrong1m@techcrunch.com
60,Norma,Wallace,nwallace1n@phoca.cz
61,Timothy,Reyes,treyes1o@google.cn
62,Elizabeth,Patterson,epatterson1p@sun.com
63,Edward,Gomez,egomez1q@google.fr
64,David,Cox,dcox1r@friendfeed.com
65,Brenda,Wood,bwood1s@over-blog.com
66,Adam,Walker,awalker1t@blogs.com
67,Michael,Hart,mhart1u@wix.com
68,Jesse,Ellis,jellis1v@google.co.uk
69,Janet,Powell,jpowell1w@un.org
70,Helen,Ford,hford1x@creativecommons.org
71,Gerald,Carpenter,gcarpenter1y@about.me
72,Kathryn,Oliver,koliver1z@army.mil
73,Alan,Berry,aberry20@gov.uk
74,Harry,Andrews,handrews21@ameblo.jp
75,Andrea,Hall,ahall22@hp.com
76,Barbara,Wells,bwells23@behance.net
77,Anne,Wells,awells24@apache.org
78,Harry,Harper,hharper25@rediff.com
79,Jack,Ray,jray26@wufoo.com
80,Phillip,Hamilton,phamilton27@joomla.org
81,Shirley,Hunter,shunter28@newsvine.com
82,Arthur,Daniels,adaniels29@reuters.com
83,Virginia,Rodriguez,vrodriguez2a@walmart.com
84,Christina,Ryan,cryan2b@hibu.com
85,Theresa,Mendoza,tmendoza2c@vinaora.com
86,Jason,Cole,jcole2d@ycombinator.com
87,Phillip,Bryant,pbryant2e@rediff.com
88,Adam,Torres,atorres2f@sun.com
89,Margaret,Johnston,mjohnston2g@ucsd.edu
90,Paul,Payne,ppayne2h@hhs.gov
91,Todd,Willis,twillis2i@businessweek.com
92,Willie,Oliver,woliver2j@noaa.gov
93,Frances,Robertson,frobertson2k@go.com
94,Gregory,Hawkins,ghawkins2l@joomla.org
95,Lisa,Perkins,lperkins2m@si.edu
96,Jacqueline,Anderson,janderson2n@cargocollective.com
97,Shirley,Diaz,sdiaz2o@ucla.edu
98,Nicole,Meyer,nmeyer2p@flickr.com
99,Mary,Gray,mgray2q@constantcontact.com
100,Jean,Mcdonald,jmcdonald2r@baidu.com
